{
  "key": "F Minor (4A)",
  "confidence": 0.7790170344469057,
  "cached_at": 1761919821.865511
}