{
  "key": "A Minor (8A)",
  "confidence": 0.6508609333457004,
  "cached_at": 1761919821.3752258
}