{
  "key": "F# Minor (11A)",
  "confidence": 0.2844008897316309,
  "cached_at": 1761919819.4024577
}