{
  "key": "F Minor (4A)",
  "confidence": 0.2715022232160834,
  "cached_at": 1761919817.6646333
}