{
  "key": "F# Major (2B)",
  "confidence": 0.6165680972459718,
  "cached_at": 1761919820.4648235
}