{
  "key": "D# Minor (2A)",
  "confidence": 0.6200541318454471,
  "cached_at": 1761917197.0459058
}