{
  "key": "A Minor (8A)",
  "confidence": 0.6639693093397674,
  "cached_at": 1761919817.3934598
}