{
  "key": "A# Minor (3A)",
  "confidence": 0.6287346705423562,
  "cached_at": 1761919830.2481656
}