{
  "key": "F# Minor (11A)",
  "confidence": 0.892857362567745,
  "cached_at": 1761919817.9653168
}