{
  "key": "F Minor (4A)",
  "confidence": 0.2937446472869854,
  "cached_at": 1761920090.8444018
}