{
  "key": "G Minor (6A)",
  "confidence": 0.26085621004839227,
  "cached_at": 1761926760.4223106
}