{
  "key": "D# Minor (2A)",
  "confidence": 0.620054027443901,
  "cached_at": 1761919817.0470953
}