{
  "key": "G Minor (6A)",
  "confidence": 0.33301007752303885,
  "cached_at": 1761928176.1827226
}