{
  "key": "A Minor (8A)",
  "confidence": 0.6508609392854171,
  "cached_at": 1761918466.9881334
}