{
  "key": "A# Minor (3A)",
  "confidence": 0.6140322147695336,
  "cached_at": 1761926755.427715
}