{
  "key": "G Minor (6A)",
  "confidence": 0.2608560905529865,
  "cached_at": 1761919818.9587493
}