{
  "key": "F# Minor (11A)",
  "confidence": 0.28440084003940463,
  "cached_at": 1761917813.7668285
}