{
  "key": "A Minor (8A)",
  "confidence": 0.6639497378694823,
  "cached_at": 1761927006.1335785
}