{
  "key": "F Major (7B)",
  "confidence": 0.6298213118330436,
  "cached_at": 1761919819.9712474
}