{
  "key": "F Minor (4A)",
  "confidence": 0.27150220371093325,
  "cached_at": 1761927774.9783652
}