{
  "key": "G Minor (6A)",
  "confidence": 0.6731162398666747,
  "cached_at": 1761919820.815601
}