{
  "key": "F# Minor (11A)",
  "confidence": 0.896779421357885,
  "cached_at": 1761919818.19549
}