{
  "key": "G Minor (6A)",
  "confidence": 0.3330106687915249,
  "cached_at": 1761919819.2019086
}