{
  "key": "F Minor (4A)",
  "confidence": 0.29374462649450345,
  "cached_at": 1761919821.0606568
}