{
  "key": "B Minor (10A)",
  "confidence": 0.7235620541812517,
  "cached_at": 1761919820.2398162
}