{
  "key": "F Minor (4A)",
  "confidence": 0.7790173160120474,
  "cached_at": 1761917248.4728243
}