{
  "key": "G# Minor (1A)",
  "confidence": 0.26747140527084007,
  "cached_at": 1761919819.6863046
}