{
  "key": "F# Minor (11A)",
  "confidence": 0.8967794409374099,
  "cached_at": 1761929388.7503016
}