{
  "key": "A# Minor (3A)",
  "confidence": 0.6287350792882671,
  "cached_at": 1761919818.6772468
}